{
  "0": {
    "precision": 0.9960390300454063,
    "recall": 0.8101842756669679,
    "f1-score": 0.8935497150781098,
    "support": 127255.0
  },
  "1": {
    "precision": 0.2481012658227848,
    "recall": 0.6748278500382555,
    "f1-score": 0.36281365693130396,
    "support": 1307.0
  },
  "2": {
    "precision": 0.1593149974052932,
    "recall": 0.42374051069703245,
    "f1-score": 0.23156703752592872,
    "support": 1449.0
  },
  "3": {
    "precision": 0.069267364414843,
    "recall": 0.5696400625978091,
    "f1-score": 0.12351543942992874,
    "support": 1278.0
  },
  "4": {
    "precision": 0.22375832053251407,
    "recall": 0.48233995584988965,
    "f1-score": 0.30570129415879677,
    "support": 906.0
  },
  "5": {
    "precision": 0.32748538011695905,
    "recall": 0.5957446808510638,
    "f1-score": 0.4226415094339623,
    "support": 564.0
  },
  "6": {
    "precision": 0.13002773925104022,
    "recall": 0.6684491978609626,
    "f1-score": 0.21770682148040638,
    "support": 561.0
  },
  "7": {
    "precision": 0.42370721048798254,
    "recall": 0.8811056418023476,
    "f1-score": 0.572236567072421,
    "support": 2641.0
  },
  "8": {
    "precision": 0.35406390735577953,
    "recall": 0.6992799661160525,
    "f1-score": 0.4701025056947608,
    "support": 2361.0
  },
  "9": {
    "precision": 0.1422376409366869,
    "recall": 0.5899280575539568,
    "f1-score": 0.2292103424178896,
    "support": 278.0
  },
  "accuracy": 0.7980808080808081,
  "macro avg": {
    "precision": 0.30740028563692895,
    "recall": 0.6395240199034338,
    "f1-score": 0.38290448892235085,
    "support": 138600.0
  },
  "weighted avg": {
    "precision": 0.9368647640164169,
    "recall": 0.7980808080808081,
    "f1-score": 0.8513610229891448,
    "support": 138600.0
  }
}