{
  "0": {
    "precision": 0.9621782619042136,
    "recall": 0.984967191858866,
    "f1-score": 0.9734393687578633,
    "support": 127255.0
  },
  "1": {
    "precision": 0.5901116427432217,
    "recall": 0.5661820964039785,
    "f1-score": 0.5778992581023038,
    "support": 1307.0
  },
  "2": {
    "precision": 0.3375,
    "recall": 0.11180124223602485,
    "f1-score": 0.16796267496111975,
    "support": 1449.0
  },
  "3": {
    "precision": 0.20413793103448277,
    "recall": 0.11580594679186229,
    "f1-score": 0.14777833250124814,
    "support": 1278.0
  },
  "4": {
    "precision": 0.5718701700154559,
    "recall": 0.4083885209713024,
    "f1-score": 0.4764971023824855,
    "support": 906.0
  },
  "5": {
    "precision": 0.5447284345047924,
    "recall": 0.6046099290780141,
    "f1-score": 0.573109243697479,
    "support": 564.0
  },
  "6": {
    "precision": 0.03125,
    "recall": 0.0017825311942959,
    "f1-score": 0.003372681281618887,
    "support": 561.0
  },
  "7": {
    "precision": 0.7026532479414456,
    "recall": 0.872396819386596,
    "f1-score": 0.7783783783783784,
    "support": 2641.0
  },
  "8": {
    "precision": 0.6040372670807453,
    "recall": 0.32952138924184665,
    "f1-score": 0.4264181967662373,
    "support": 2361.0
  },
  "9": {
    "precision": 0.0,
    "recall": 0.0,
    "f1-score": 0.0,
    "support": 278.0
  },
  "accuracy": 0.9392929292929293,
  "macro avg": {
    "precision": 0.4548466955224357,
    "recall": 0.3995455667162787,
    "f1-score": 0.4124855236828734,
    "support": 138600.0
  },
  "weighted avg": {
    "precision": 0.9241551810103453,
    "recall": 0.9392929292929293,
    "f1-score": 0.9298837124736086,
    "support": 138600.0
  }
}