{
  "0": {
    "precision": 0.9648562300319489,
    "recall": 0.9848728930100978,
    "f1-score": 0.9747618121718841,
    "support": 127255.0
  },
  "1": {
    "precision": 0.5043754972155927,
    "recall": 0.48508033664881406,
    "f1-score": 0.49453978159126366,
    "support": 1307.0
  },
  "2": {
    "precision": 0.27800829875518673,
    "recall": 0.0924775707384403,
    "f1-score": 0.13878819264629724,
    "support": 1449.0
  },
  "3": {
    "precision": 0.20527859237536658,
    "recall": 0.10954616588419405,
    "f1-score": 0.14285714285714285,
    "support": 1278.0
  },
  "4": {
    "precision": 0.5572289156626506,
    "recall": 0.4083885209713024,
    "f1-score": 0.4713375796178344,
    "support": 906.0
  },
  "5": {
    "precision": 0.3753351206434316,
    "recall": 0.49645390070921985,
    "f1-score": 0.42748091603053434,
    "support": 564.0
  },
  "6": {
    "precision": 0.42950819672131146,
    "recall": 0.23351158645276293,
    "f1-score": 0.302540415704388,
    "support": 561.0
  },
  "7": {
    "precision": 0.8054805094558085,
    "recall": 0.7902309731162438,
    "f1-score": 0.797782874617737,
    "support": 2641.0
  },
  "8": {
    "precision": 0.5598984771573604,
    "recall": 0.4671749258788649,
    "f1-score": 0.5093511891018241,
    "support": 2361.0
  },
  "9": {
    "precision": 0.0,
    "recall": 0.0,
    "f1-score": 0.0,
    "support": 278.0
  },
  "accuracy": 0.9394588744588744,
  "macro avg": {
    "precision": 0.4679969838018658,
    "recall": 0.406773687340994,
    "f1-score": 0.42594399043389053,
    "support": 138600.0
  },
  "weighted avg": {
    "precision": 0.9272284648453366,
    "recall": 0.9394588744588744,
    "f1-score": 0.9323285166559075,
    "support": 138600.0
  }
}